{"loss":{"0":1.8114532232,"1":1.098608613,"2":0.6754767895,"3":0.3652905226,"4":0.1509434581,"5":0.1112053171,"6":0.1502623409,"7":0.0587017573,"8":0.0256607402,"9":0.0183436181,"10":0.0283865463,"11":0.019376725,"12":0.0364547186},"accuracy":{"0":0.3379605711,"1":0.6195082068,"2":0.7650446892,"3":0.8889462948,"4":0.9592409134,"5":0.9719412327,"6":0.9578379989,"7":0.9858967662,"8":0.9949789643,"9":0.9953481555,"10":0.9936498404,"11":0.9952743053,"12":0.9907701612},"val_loss":{"0":1.2746077776,"1":1.2566187382,"2":0.9768717289,"3":0.5978916287,"4":0.5388032794,"5":0.4934177995,"6":0.5785192847,"7":0.497990638,"8":0.5078855157,"9":0.5101879239,"10":0.5472602248,"11":0.5073366761,"12":0.5318557024},"val_accuracy":{"0":0.5259893537,"1":0.5537507534,"2":0.6547548771,"3":0.8157117367,"4":0.8419964314,"5":0.8617838025,"6":0.8263437748,"7":0.8700531721,"8":0.8774365187,"9":0.8756644726,"10":0.8721204996,"11":0.8845245242,"12":0.8747785091}}